Workbook

Sheet MAR 2026
A1: ORDEM | B1: UNIDADES | C1: FILIAL | D1: CR | E1: PROJETO | F1: Nº CARTÃO | G1: MALOTE/POSTAGEM | H1: VALOR | I1: VALOR VSC PERCURSO | J1: VALOR TOTAL | K1: REGIONAIS/GEREX | L1: DESCONTO | M1: TOTAL CONTRATO
A2: 2 | B2: FM516 - Videira | C2: 516 | D2: 8243 | E2: 25318 | F2: 336216 | G2: Malote | H2: 182.56 | I2: 49.92 | J2: =SUM(H2+I2) -> 232.48 | K2: =_xlfn.XLOOKUP(C2,'REGIONAIS-GEREX'!$C$3:$C$445,'REGIONAIS-GEREX'!$A$3:$A$445,"") -> GEFAN - Centro Norte e Centro Oeste | M2: =Tabela2[[#This Row],[VALOR VSC PERCURSO]]+Tabela2[[#This Row],[VALOR ]] -> 232.48
A3: 4 | B3: FM516 - Videira | F3: 336217 | G3: Malote | H3: 269.75 | I3: 427.69 | K3: =_xlfn.XLOOKUP(C3,'REGIONAIS-GEREX'!$C$3:$C$445,'REGIONAIS-GEREX'!$A$3:$A$445," ") | M3: =Tabela2[[#This Row],[VALOR VSC PERCURSO]]+Tabela2[[#This Row],[VALOR ]] -> 697.44
A4: 5 | B4: SESI - UOS - Brusque | C4: 203 | D4: 8144 | E4: 25318 | F4: 336217 | G4: Malote | H4: =H3/2 -> 134.875 | I4: =$I$3/2 -> 213.845 | J4: =SUM(H4+I4) -> 348.72 | K4: =_xlfn.XLOOKUP(C4,'REGIONAIS-GEREX'!$C$3:$C$445,'REGIONAIS-GEREX'!$A$3:$A$445," ") -> Vale do Itajaí Mirim e Foz do Rio Itajaí | M4: =Tabela2[[#This Row],[VALOR VSC PERCURSO]]+Tabela2[[#This Row],[VALOR ]] -> 348.72
A5: 6 | B5: SESI - UOS - Itajaí | C5: 211 | D5: 8144 | E5: 25318 | F5: 336217 | G5: Malote | H5: =H3/2 -> 134.875 | I5: =$I$3/2 -> 213.845 | J5: =SUM(H5+I5) -> 348.72 | K5: =_xlfn.XLOOKUP(C5,'REGIONAIS-GEREX'!$C$3:$C$445,'REGIONAIS-GEREX'!$A$3:$A$445," ") -> Vale do Itajaí Mirim e Foz do Rio Itajaí | M5: =Tabela2[[#This Row],[VALOR VSC PERCURSO]]+Tabela2[[#This Row],[VALOR ]] -> 348.72
A6: 7 | B6: SESI - UOS - Lages | C6: 215 | D6: 8144 | E6: 25318 | F6: 336219 | G6: Malote | H6: 0 | I6: 464.96 | J6: =SUM(H6+I6) -> 464.96 | K6: =_xlfn.XLOOKUP(C6,'REGIONAIS-GEREX'!$C$3:$C$445,'REGIONAIS-GEREX'!$A$3:$A$445," ") -> Serra Catarinense | M6: =Tabela2[[#This Row],[VALOR VSC PERCURSO]]+Tabela2[[#This Row],[VALOR ]] -> 464.96
A7: 8 | B7: SESI - UOS - Criciuma -FM506/FM513/FM576 | F7: 336222 | G7: Malote | H7: 360.53 | I7: 801.87 | K7: =_xlfn.XLOOKUP(C7,'REGIONAIS-GEREX'!$C$3:$C$445,'REGIONAIS-GEREX'!$A$3:$A$445," ") | M7: =Tabela2[[#This Row],[VALOR VSC PERCURSO]]+Tabela2[[#This Row],[VALOR ]] -> 1162.4
A8: 9 | B8: SESI - UOS - Criciúma | C8: 208 | D8: 8144 | E8: 25318 | F8: 336222 | G8: Malote | H8: =$H$7/4 -> 90.1325 | I8: =$I$7/4 -> 200.4675 | J8: =SUM(H8+I8) -> 290.6 | K8: =_xlfn.XLOOKUP(C8,'REGIONAIS-GEREX'!$C$3:$C$445,'REGIONAIS-GEREX'!$A$3:$A$445," ") -> Litoral Sul e Sul | M8: =Tabela2[[#This Row],[VALOR VSC PERCURSO]]+Tabela2[[#This Row],[VALOR ]] -> 290.6
A9: 10 | B9: FM506 | C9: 506 | D9: 8243 | E9: 25318 | F9: 336222 | G9: Malote | H9: =$H$7/4 -> 90.1325 | I9: =$I$7/4 -> 200.4675 | J9: =SUM(H9+I9) -> 290.6 | K9: =_xlfn.XLOOKUP(C9,'REGIONAIS-GEREX'!$C$3:$C$445,'REGIONAIS-GEREX'!$A$3:$A$445," ") -> GEFAN - Sul e Sudeste | M9: =Tabela2[[#This Row],[VALOR VSC PERCURSO]]+Tabela2[[#This Row],[VALOR ]] -> 290.6
A10: 11 | B10: FM513 | C10: 513 | D10: 8243 | E10: 25318 | F10: 336222 | G10: Malote | H10: =$H$7/4 -> 90.1325 | I10: =$I$7/4 -> 200.4675 | J10: =SUM(H10+I10) -> 290.6 | K10: =_xlfn.XLOOKUP(C10,'REGIONAIS-GEREX'!$C$3:$C$445,'REGIONAIS-GEREX'!$A$3:$A$445," ") -> GEFAN - Sul e Sudeste | M10: =Tabela2[[#This Row],[VALOR VSC PERCURSO]]+Tabela2[[#This Row],[VALOR ]] -> 290.6
A11: 12 | B11: FM576 | C11: 576 | D11: 8243 | E11: 25318 | F11: 336222 | G11: Malote | H11: =$H$7/4 -> 90.1325 | I11: =$I$7/4 -> 200.4675 | J11: =SUM(H11+I11) -> 290.6 | K11: =_xlfn.XLOOKUP(C11,'REGIONAIS-GEREX'!$C$3:$C$445,'REGIONAIS-GEREX'!$A$3:$A$445," ") -> GEFAN - Sul e Sudeste | M11: =Tabela2[[#This Row],[VALOR VSC PERCURSO]]+Tabela2[[#This Row],[VALOR ]] -> 290.6
A12: 13 | B12: FM582 - Criciúma | C12: 582 | D12: 8243 | E12: 25318 | F12: 336223 | G12: Malote | H12: 199.84 | I12: 32.64 | J12: =SUM(H12+I12) -> 232.48 | K12: =_xlfn.XLOOKUP(C12,'REGIONAIS-GEREX'!$C$3:$C$445,'REGIONAIS-GEREX'!$A$3:$A$445," ") -> GEFAN - Sul e Sudeste | M12: =Tabela2[[#This Row],[VALOR VSC PERCURSO]]+Tabela2[[#This Row],[VALOR ]] -> 232.48
A13: 14 | B13: FM569 - Cocal do Sul | C13: 569 | D13: 8243 | E13: 25318 | F13: 336224 | G13: Malote | H13: 74.94 | I13: 157.54 | J13: =SUM(H13+I13) -> 232.48 | K13: =_xlfn.XLOOKUP(C13,'REGIONAIS-GEREX'!$C$3:$C$445,'REGIONAIS-GEREX'!$A$3:$A$445," ") -> GEFAN - Sul e Sudeste | M13: =Tabela2[[#This Row],[VALOR VSC PERCURSO]]+Tabela2[[#This Row],[VALOR ]] -> 232.48
A14: 15 | B14: FM577 - Ararangua | C14: 577 | D14: 8243 | E14: 25318 | F14: 336225 | G14: Malote | H14: 74.94 | I14: 157.54 | J14: =SUM(H14+I14) -> 232.48 | K14: =_xlfn.XLOOKUP(C14,'REGIONAIS-GEREX'!$C$3:$C$445,'REGIONAIS-GEREX'!$A$3:$A$445," ") -> GEFAN - Sul e Sudeste | M14: =Tabela2[[#This Row],[VALOR VSC PERCURSO]]+Tabela2[[#This Row],[VALOR ]] -> 232.48
A15: 16 | B15: SESI - UOS Blum - FM 546/548/549/550/551/554/596/597/564/905 | F15: 336227 | G15: Malote | H15: 633.87 | I15: 63.57 | K15: =_xlfn.XLOOKUP(C15,'REGIONAIS-GEREX'!$C$3:$C$445,'REGIONAIS-GEREX'!$A$3:$A$445," ") | M15: =Tabela2[[#This Row],[VALOR VSC PERCURSO]]+Tabela2[[#This Row],[VALOR ]] -> 697.44
A16: 17 | B16: FM546 | C16: 546 | D16: 8243 | E16: 25318 | F16: 336227 | G16: Malote | H16: =SUM(H15/11) -> 57.624545 | I16: =$I$15/11 -> 5.7790909 | J16: =SUM(H16+I16) -> 63.403636 | K16: =_xlfn.XLOOKUP(C16,'REGIONAIS-GEREX'!$C$3:$C$445,'REGIONAIS-GEREX'!$A$3:$A$445," ") -> GEFAN - Vale e Foz do Rio Itajaí | M16: =Tabela2[[#This Row],[VALOR VSC PERCURSO]]+Tabela2[[#This Row],[VALOR ]] -> 63.403636
A17: 18 | B17: FM548 | C17: 548 | D17: 8243 | E17: 25318 | F17: 336227 | G17: Malote | H17: =SUM(H15/11) -> 57.624545 | I17: =$I$15/11 -> 5.7790909 | J17: =SUM(H17+I17) -> 63.403636 | K17: =_xlfn.XLOOKUP(C17,'REGIONAIS-GEREX'!$C$3:$C$445,'REGIONAIS-GEREX'!$A$3:$A$445," ") -> GEFAN - Vale e Foz do Rio Itajaí | M17: =Tabela2[[#This Row],[VALOR VSC PERCURSO]]+Tabela2[[#This Row],[VALOR ]] -> 63.403636
A18: 19 | B18: FM549 | C18: 549 | D18: 8243 | E18: 25318 | F18: 336227 | G18: Malote | H18: =SUM(H15/11) -> 57.624545 | I18: =$I$15/11 -> 5.7790909 | J18: =SUM(H18+I18) -> 63.403636 | K18: =_xlfn.XLOOKUP(C18,'REGIONAIS-GEREX'!$C$3:$C$445,'REGIONAIS-GEREX'!$A$3:$A$445," ") -> GEFAN - Vale e Foz do Rio Itajaí | M18: =Tabela2[[#This Row],[VALOR VSC PERCURSO]]+Tabela2[[#This Row],[VALOR ]] -> 63.403636
A19: 20 | B19: FM550 | C19: 550 | D19: 8243 | E19: 25318 | F19: 336227 | G19: Malote | H19: =SUM(H15/11) -> 57.624545 | I19: =$I$15/11 -> 5.7790909 | J19: =SUM(H19+I19) -> 63.403636 | K19: =_xlfn.XLOOKUP(C19,'REGIONAIS-GEREX'!$C$3:$C$445,'REGIONAIS-GEREX'!$A$3:$A$445," ") -> GEFAN - Vale e Foz do Rio Itajaí | M19: =Tabela2[[#This Row],[VALOR VSC PERCURSO]]+Tabela2[[#This Row],[VALOR ]] -> 63.403636
A20: 21 | B20: FM551 | C20: 551 | D20: 8243 | E20: 25318 | F20: 336227 | G20: Malote | H20: =SUM(H15/11) -> 57.624545 | I20: =$I$15/11 -> 5.7790909 | J20: =SUM(H20+I20) -> 63.403636 | K20: =_xlfn.XLOOKUP(C20,'REGIONAIS-GEREX'!$C$3:$C$445,'REGIONAIS-GEREX'!$A$3:$A$445," ") -> GEFAN - Vale e Foz do Rio Itajaí | M20: =Tabela2[[#This Row],[VALOR VSC PERCURSO]]+Tabela2[[#This Row],[VALOR ]] -> 63.403636
A21: 22 | B21: FM554 | C21: 554 | D21: 8243 | E21: 25318 | F21: 336227 | G21: Malote | H21: =SUM(H15/11) -> 57.624545 | I21: =$I$15/11 -> 5.7790909 | J21: =SUM(H21+I21) -> 63.403636 | K21: =_xlfn.XLOOKUP(C21,'REGIONAIS-GEREX'!$C$3:$C$445,'REGIONAIS-GEREX'!$A$3:$A$445," ") -> GEFAN - Vale e Foz do Rio Itajaí | M21: =Tabela2[[#This Row],[VALOR VSC PERCURSO]]+Tabela2[[#This Row],[VALOR ]] -> 63.403636
A22: 23 | B22: FM596 | C22: 596 | D22: 8243 | E22: 25318 | F22: 336227 | G22: Malote | H22: =SUM(H15/11) -> 57.624545 | I22: =$I$15/11 -> 5.7790909 | J22: =SUM(H22+I22) -> 63.403636 | K22: =_xlfn.XLOOKUP(C22,'REGIONAIS-GEREX'!$C$3:$C$445,'REGIONAIS-GEREX'!$A$3:$A$445," ") -> GEFAN - Vale e Foz do Rio Itajaí | M22: =Tabela2[[#This Row],[VALOR VSC PERCURSO]]+Tabela2[[#This Row],[VALOR ]] -> 63.403636
A23: 24 | B23: FM597 | C23: 597 | D23: 8243 | E23: 25318 | F23: 336227 | G23: Malote | H23: =SUM(H15/11) -> 57.624545 | I23: =$I$15/11 -> 5.7790909 | J23: =SUM(H23+I23) -> 63.403636 | K23: =_xlfn.XLOOKUP(C23,'REGIONAIS-GEREX'!$C$3:$C$445,'REGIONAIS-GEREX'!$A$3:$A$445," ") -> GEFAN - Vale e Foz do Rio Itajaí | M23: =Tabela2[[#This Row],[VALOR VSC PERCURSO]]+Tabela2[[#This Row],[VALOR ]] -> 63.403636
A24: 25 | B24: FM564 | C24: 564 | D24: 8243 | E24: 25318 | F24: 336227 | G24: Malote | H24: =SUM(H15/11) -> 57.624545 | I24: =$I$15/11 -> 5.7790909 | J24: =SUM(H24+I24) -> 63.403636 | K24: =_xlfn.XLOOKUP(C24,'REGIONAIS-GEREX'!$C$3:$C$445,'REGIONAIS-GEREX'!$A$3:$A$445," ") -> GEFAN - Vale e Foz do Rio Itajaí | M24: =Tabela2[[#This Row],[VALOR VSC PERCURSO]]+Tabela2[[#This Row],[VALOR ]] -> 63.403636
A25: 26 | B25: FM905 | C25: 905 | D25: 8243 | E25: 25318 | F25: 336227 | G25: Malote | H25: =SUM(H15/11) -> 57.624545 | I25: =$I$15/11 -> 5.7790909 | J25: =SUM(H25+I25) -> 63.403636 | K25: =_xlfn.XLOOKUP(C25,'REGIONAIS-GEREX'!$C$3:$C$445,'REGIONAIS-GEREX'!$A$3:$A$445," ") -> GEFAN - Vale e Foz do Rio Itajaí | M25: =Tabela2[[#This Row],[VALOR VSC PERCURSO]]+Tabela2[[#This Row],[VALOR ]] -> 63.403636
A26: 28 | B26: SESI - UOS - Jaraguá do Sul - FM -S.A | C26: 212 | D26: 8144 | E26: 25318 | F26: 336231 | G26: Malote | H26: 310.11 | I26: 852.29 | J26: =SUM(H26+I26) -> 1162.4 | K26: =_xlfn.XLOOKUP(C26,'REGIONAIS-GEREX'!$C$3:$C$445,'REGIONAIS-GEREX'!$A$3:$A$445," ") -> Planalto Norte e Vale do Itapocu | M26: =Tabela2[[#This Row],[VALOR VSC PERCURSO]]+Tabela2[[#This Row],[VALOR ]] -> 1162.4
A27: 29 | B27: FM515 - Caçador | C27: 515 | D27: 8243 | E27: 25318 | F27: 336234 | G27: Malote | H27: 49.96 | I27: 182.52 | J27: =SUM(H27+I27) -> 232.48 | K27: =_xlfn.XLOOKUP(C27,'REGIONAIS-GEREX'!$C$3:$C$445,'REGIONAIS-GEREX'!$A$3:$A$445," ") -> GEFAN - Centro Norte e Centro Oeste | M27: =Tabela2[[#This Row],[VALOR VSC PERCURSO]]+Tabela2[[#This Row],[VALOR ]] -> 232.48
A28: 30 | B28: SESI - UOS - Videira | C28: 223 | D28: 8144 | E28: 25318 | F28: 336236 | G28: Malote | H28: 153.48 | I28: 311.48 | J28: =SUM(H28+I28) -> 464.96 | K28: =_xlfn.XLOOKUP(C28,'REGIONAIS-GEREX'!$C$3:$C$445,'REGIONAIS-GEREX'!$A$3:$A$445," ") -> Centro Norte | M28: =Tabela2[[#This Row],[VALOR VSC PERCURSO]]+Tabela2[[#This Row],[VALOR ]] -> 464.96
A29: 31 | B29: FM522 - Fraiburgo | C29: 522 | D29: 8243 | E29: 25318 | F29: 336237 | G29: Malote | H29: 187.11 | I29: 45.37 | J29: =SUM(H29+I29) -> 232.48 | K29: =_xlfn.XLOOKUP(C29,'REGIONAIS-GEREX'!$C$3:$C$445,'REGIONAIS-GEREX'!$A$3:$A$445," ") -> GEFAN - Centro Norte e Centro Oeste | M29: =Tabela2[[#This Row],[VALOR VSC PERCURSO]]+Tabela2[[#This Row],[VALOR ]] -> 232.48
A30: 32 | B30: FM925 - CAPINZAL | C30: 925 | D30: 8243 | E30: 25318 | F30: 10437623 | G30: Malote | H30: 153.96 | I30: 78.52 | J30: =SUM(H30+I30) -> 232.48 | K30: =_xlfn.XLOOKUP(C30,'REGIONAIS-GEREX'!$C$3:$C$445,'REGIONAIS-GEREX'!$A$3:$A$445," ") -> GEFAN - Centro Norte e Centro Oeste | M30: =Tabela2[[#This Row],[VALOR VSC PERCURSO]]+Tabela2[[#This Row],[VALOR ]] -> 232.48
A31: 33 | B31: FM 542 - BRAÇO DO NORTE | C31: 542 | D31: 8243 | E31: 25318 | F31: 10437751 | G31: Malote | H31: 104 | I31: 128.48 | J31: =SUM(H31+I31) -> 232.48 | K31: =_xlfn.XLOOKUP(C31,'REGIONAIS-GEREX'!$C$3:$C$445,'REGIONAIS-GEREX'!$A$3:$A$445," ") -> GEFAN - Sul e Sudeste | M31: =Tabela2[[#This Row],[VALOR VSC PERCURSO]]+Tabela2[[#This Row],[VALOR ]] -> 232.48
A32: 34 | B32: SESI - UOS 207 - Concórdia FM 510/587/SA807 | F32: 336263 | G32: Malote | H32: 604.78 | I32: 0 | K32: =_xlfn.XLOOKUP(C32,'REGIONAIS-GEREX'!$C$3:$C$445,'REGIONAIS-GEREX'!$A$3:$A$445," ") | M32: =Tabela2[[#This Row],[VALOR VSC PERCURSO]]+Tabela2[[#This Row],[VALOR ]] -> 604.78
A33: 35 | B33: SESI - 207 - UOS CONCÓRDIA 3% | C33: 207 | D33: 8144 | E33: 25318 | F33: 336263 | G33: Malote | H33: =($H$32/4)*0.97 -> 146.65915 | I33: =($I$32/4)*0.97 -> 0 | J33: =SUM(H33+I33) -> 146.65915 | K33: =_xlfn.XLOOKUP(C33,'REGIONAIS-GEREX'!$C$3:$C$445,'REGIONAIS-GEREX'!$A$3:$A$445," ") -> Alto Uruguai Catarinense e Centro Oeste | M33: =Tabela2[[#This Row],[VALOR VSC PERCURSO]]+Tabela2[[#This Row],[VALOR ]] -> 146.65915
A34: 36 | B34: SESI - 207 - UOS CONCÓRDIA - Fl. 244 3% | C34: 244 | D34: 8154 | E34: 25318 | F34: 336263 | G34: Malote | H34: =($H$32/4)*0.03 -> 4.53585 | I34: =($I$32/4)*0.03 -> 0 | J34: =SUM(H34+I34) -> 4.53585 | K34: =_xlfn.XLOOKUP(C34,'REGIONAIS-GEREX'!$C$3:$C$445,'REGIONAIS-GEREX'!$A$3:$A$445," ") -> Alto Uruguai Catarinense e Centro Oeste | M34: =Tabela2[[#This Row],[VALOR VSC PERCURSO]]+Tabela2[[#This Row],[VALOR ]] -> 4.53585
A35: 37 | B35: SESI - S.A 807 | C35: 807 | D35: 8264 | E35: 25318 | F35: 336263 | G35: Malote | H35: =($H$32/4) -> 151.195 | I35: =($I$32/4) -> 0 | J35: =SUM(H35+I35) -> 151.195 | K35: =_xlfn.XLOOKUP(C35,'REGIONAIS-GEREX'!$C$3:$C$445,'REGIONAIS-GEREX'!$A$3:$A$445," ") -> GEFAN - Centro Norte e Centro Oeste | M35: =Tabela2[[#This Row],[VALOR VSC PERCURSO]]+Tabela2[[#This Row],[VALOR ]] -> 151.195
A36: 38 | B36: FM510 | C36: 510 | D36: 8243 | E36: 25318 | F36: 336263 | G36: Malote | H36: =($H$32/4) -> 151.195 | I36: =($I$32/4) -> 0 | J36: =SUM(H36+I36) -> 151.195 | K36: =_xlfn.XLOOKUP(C36,'REGIONAIS-GEREX'!$C$3:$C$445,'REGIONAIS-GEREX'!$A$3:$A$445," ") -> GEFAN - Centro Norte e Centro Oeste | M36: =Tabela2[[#This Row],[VALOR VSC PERCURSO]]+Tabela2[[#This Row],[VALOR ]] -> 151.195
A37: 39 | B37: FM587 | C37: 587 | D37: 8243 | E37: 25318 | F37: 336263 | G37: Malote | H37: =($H$32/4) -> 151.195 | I37: =($I$32/4) -> 0 | J37: =SUM(H37+I37) -> 151.195 | K37: =_xlfn.XLOOKUP(C37,'REGIONAIS-GEREX'!$C$3:$C$445,'REGIONAIS-GEREX'!$A$3:$A$445," ") -> GEFAN - Centro Norte e Centro Oeste | M37: =Tabela2[[#This Row],[VALOR VSC PERCURSO]]+Tabela2[[#This Row],[VALOR ]] -> 151.195
A38: 40 | B38: FM534 - Ibirama | C38: 534 | D38: 8243 | E38: 25318 | F38: 336148 | G38: Malote | H38: 74.94 | I38: 225.38 | J38: =SUM(H38+I38) -> 300.32 | K38: =_xlfn.XLOOKUP(C38,'REGIONAIS-GEREX'!$C$3:$C$445,'REGIONAIS-GEREX'!$A$3:$A$445," ") -> GEFAN - Alto Vale e Serra | M38: =Tabela2[[#This Row],[VALOR VSC PERCURSO]]+Tabela2[[#This Row],[VALOR ]] -> 300.32
A39: 41 | B39: SESI - UOS-Joinv-FM 556/557/559/560/562/563/574/586/592/599 | F39: 336152 | G39: Malote | H39: 613.45 | I39: 888.15 | K39: =_xlfn.XLOOKUP(C39,'REGIONAIS-GEREX'!$C$3:$C$445,'REGIONAIS-GEREX'!$A$3:$A$445," ") | M39: =Tabela2[[#This Row],[VALOR VSC PERCURSO]]+Tabela2[[#This Row],[VALOR ]] -> 1501.6
A40: 42 | B40: SESI - UOS JOINVILLE | C40: 214 | D40: 8144 | E40: 25318 | F40: 336152 | G40: Malote | H40: =$H$39/10 -> 61.345 | I40: =$I$39/10 -> 88.815 | J40: =SUM(H40+I40) -> 150.16 | K40: =_xlfn.XLOOKUP(C40,'REGIONAIS-GEREX'!$C$3:$C$445,'REGIONAIS-GEREX'!$A$3:$A$445," ") -> Norte Nordeste | M40: =Tabela2[[#This Row],[VALOR VSC PERCURSO]]+Tabela2[[#This Row],[VALOR ]] -> 150.16
A41: 43 | B41: FM556 | C41: 556 | D41: 8243 | E41: 25318 | F41: 336152 | G41: Malote | H41: =$H$39/10 -> 61.345 | I41: =$I$39/10 -> 88.815 | J41: =SUM(H41+I41) -> 150.16 | K41: =_xlfn.XLOOKUP(C41,'REGIONAIS-GEREX'!$C$3:$C$445,'REGIONAIS-GEREX'!$A$3:$A$445," ") -> GEFAN - Oeste | M41: =Tabela2[[#This Row],[VALOR VSC PERCURSO]]+Tabela2[[#This Row],[VALOR ]] -> 150.16
A42: 44 | B42: FM557 | C42: 557 | D42: 8243 | E42: 25318 | F42: 336152 | G42: Malote | H42: =$H$39/10 -> 61.345 | I42: =$I$39/10 -> 88.815 | J42: =SUM(H42+I42) -> 150.16 | K42: =_xlfn.XLOOKUP(C42,'REGIONAIS-GEREX'!$C$3:$C$445,'REGIONAIS-GEREX'!$A$3:$A$445," ") -> GEFAN - Norte - Nordeste / Plan. e Vale | M42: =Tabela2[[#This Row],[VALOR VSC PERCURSO]]+Tabela2[[#This Row],[VALOR ]] -> 150.16
A43: 45 | B43: FM559 | C43: 559 | D43: 8243 | E43: 25318 | F43: 336152 | G43: Malote | H43: =$H$39/10 -> 61.345 | I43: =$I$39/10 -> 88.815 | J43: =SUM(H43+I43) -> 150.16 | K43: =_xlfn.XLOOKUP(C43,'REGIONAIS-GEREX'!$C$3:$C$445,'REGIONAIS-GEREX'!$A$3:$A$445," ") -> GEFAN - Norte - Nordeste / Plan. e Vale | M43: =Tabela2[[#This Row],[VALOR VSC PERCURSO]]+Tabela2[[#This Row],[VALOR ]] -> 150.16
A44: 46 | B44: FM560 | C44: 560 | D44: 8243 | E44: 25318 | F44: 336152 | G44: Malote | H44: =$H$39/10 -> 61.345 | I44: =$I$39/10 -> 88.815 | J44: =SUM(H44+I44) -> 150.16 | K44: =_xlfn.XLOOKUP(C44,'REGIONAIS-GEREX'!$C$3:$C$445,'REGIONAIS-GEREX'!$A$3:$A$445," ") -> GEFAN - Norte - Nordeste / Plan. e Vale | M44: =Tabela2[[#This Row],[VALOR VSC PERCURSO]]+Tabela2[[#This Row],[VALOR ]] -> 150.16
A45: 47 | B45: FM562 | C45: 562 | D45: 8243 | E45: 25318 | F45: 336152 | G45: Malote | H45: =$H$39/10 -> 61.345 | I45: =$I$39/10 -> 88.815 | J45: =SUM(H45+I45) -> 150.16 | K45: =_xlfn.XLOOKUP(C45,'REGIONAIS-GEREX'!$C$3:$C$445,'REGIONAIS-GEREX'!$A$3:$A$445," ") -> GEFAN - Norte - Nordeste / Plan. e Vale | M45: =Tabela2[[#This Row],[VALOR VSC PERCURSO]]+Tabela2[[#This Row],[VALOR ]] -> 150.16
A46: 48 | B46: FM563 | C46: 563 | D46: 8243 | E46: 25318 | F46: 336152 | G46: Malote | H46: =$H$39/10 -> 61.345 | I46: =$I$39/10 -> 88.815 | J46: =SUM(H46+I46) -> 150.16 | K46: =_xlfn.XLOOKUP(C46,'REGIONAIS-GEREX'!$C$3:$C$445,'REGIONAIS-GEREX'!$A$3:$A$445," ") -> GEFAN - Norte - Nordeste / Plan. e Vale | M46: =Tabela2[[#This Row],[VALOR VSC PERCURSO]]+Tabela2[[#This Row],[VALOR ]] -> 150.16
A47: 49 | B47: FM574 | C47: 574 | D47: 8243 | E47: 25318 | F47: 336152 | G47: Malote | H47: =$H$39/10 -> 61.345 | I47: =$I$39/10 -> 88.815 | J47: =SUM(H47+I47) -> 150.16 | K47: =_xlfn.XLOOKUP(C47,'REGIONAIS-GEREX'!$C$3:$C$445,'REGIONAIS-GEREX'!$A$3:$A$445," ") -> GEFAN - Norte - Nordeste / Plan. e Vale | M47: =Tabela2[[#This Row],[VALOR VSC PERCURSO]]+Tabela2[[#This Row],[VALOR ]] -> 150.16
A48: 50 | B48: FM586 | C48: 586 | D48: 8243 | E48: 25318 | F48: 336152 | G48: Malote | H48: =$H$39/10 -> 61.345 | I48: =$I$39/10 -> 88.815 | J48: =SUM(H48+I48) -> 150.16 | K48: =_xlfn.XLOOKUP(C48,'REGIONAIS-GEREX'!$C$3:$C$445,'REGIONAIS-GEREX'!$A$3:$A$445," ") -> GEFAN - Norte - Nordeste / Plan. e Vale | M48: =Tabela2[[#This Row],[VALOR VSC PERCURSO]]+Tabela2[[#This Row],[VALOR ]] -> 150.16
A49: 51 | B49: FM599 | C49: 599 | D49: 8243 | E49: 25318 | F49: 336152 | G49: Malote | H49: =$H$39/10 -> 61.345 | I49: =$I$39/10 -> 88.815 | J49: =SUM(H49+I49) -> 150.16 | K49: =_xlfn.XLOOKUP(C49,'REGIONAIS-GEREX'!$C$3:$C$445,'REGIONAIS-GEREX'!$A$3:$A$445," ") -> GEFAN - Norte - Nordeste / Plan. e Vale | M49: =Tabela2[[#This Row],[VALOR VSC PERCURSO]]+Tabela2[[#This Row],[VALOR ]] -> 150.16
A50: 52 | B50: SESI - UOS - Joaçaba - 213 | C50: 213 | D50: 12161 | E50: 25318 | F50: 336155 | G50: Malote | H50: 207.55 | I50: 257.41 | J50: =SUM(H50+I50) -> 464.96 | K50: =_xlfn.XLOOKUP(C50,'REGIONAIS-GEREX'!$C$3:$C$445,'REGIONAIS-GEREX'!$A$3:$A$445," ") -> Alto Uruguai Catarinense e Centro Oeste | M50: =Tabela2[[#This Row],[VALOR VSC PERCURSO]]+Tabela2[[#This Row],[VALOR ]] -> 464.96
A51: 53 | B51: FM914 - Caçador | C51: 914 | D51: 8243 | E51: 25318 | F51: 336272 | G51: Malote | H51: 74.94 | I51: 157.54 | J51: =SUM(H51+I51) -> 232.48 | K51: =_xlfn.XLOOKUP(C51,'REGIONAIS-GEREX'!$C$3:$C$445,'REGIONAIS-GEREX'!$A$3:$A$445," ") -> GEFAN - Centro Norte e Centro Oeste | M51: =Tabela2[[#This Row],[VALOR VSC PERCURSO]]+Tabela2[[#This Row],[VALOR ]] -> 232.48
A52: 54 | B52: SESI - UOS - Tubarão/FM 588 | F52: 336199 | G52: Malote | H52: 236.1 | I52: 228.86 | K52: =_xlfn.XLOOKUP(C52,'REGIONAIS-GEREX'!$C$3:$C$445,'REGIONAIS-GEREX'!$A$3:$A$445," ") | M52: =Tabela2[[#This Row],[VALOR VSC PERCURSO]]+Tabela2[[#This Row],[VALOR ]] -> 464.96
A53: 55 | B53: SESI - UOS TUBARÃO | C53: 222 | D53: 8144 | E53: 25318 | F53: 336199 | G53: Malote | H53: =$H$52/2 -> 118.05 | I53: =$I$52/2 -> 114.43 | J53: =SUM(H53+I53) -> 232.48 | K53: =_xlfn.XLOOKUP(C53,'REGIONAIS-GEREX'!$C$3:$C$445,'REGIONAIS-GEREX'!$A$3:$A$445," ") -> Litoral Sul e Sul | M53: =Tabela2[[#This Row],[VALOR VSC PERCURSO]]+Tabela2[[#This Row],[VALOR ]] -> 232.48
A54: 56 | B54: FM588 | C54: 588 | D54: 8243 | E54: 25318 | F54: 336199 | G54: Malote | H54: =$H$52/2 -> 118.05 | I54: =$I$52/2 -> 114.43 | J54: =SUM(H54+I54) -> 232.48 | K54: =_xlfn.XLOOKUP(C54,'REGIONAIS-GEREX'!$C$3:$C$445,'REGIONAIS-GEREX'!$A$3:$A$445," ") -> GEFAN - Sul e Sudeste | M54: =Tabela2[[#This Row],[VALOR VSC PERCURSO]]+Tabela2[[#This Row],[VALOR ]] -> 232.48
A55: 57 | B55: SESI - JOAÇABA | F55: 336180 | G55: Malote | H55: 133.06 | I55: 331.9 | K55: =_xlfn.XLOOKUP(C55,'REGIONAIS-GEREX'!$C$3:$C$445,'REGIONAIS-GEREX'!$A$3:$A$445," ") | M55: =Tabela2[[#This Row],[VALOR VSC PERCURSO]]+Tabela2[[#This Row],[VALOR ]] -> 464.96
A56: 58 | B56: SESI - JOAÇABA - 50% | C56: 213 | D56: 12161 | E56: 25318 | F56: 336180 | G56: Malote | H56: =SUM(H55/100*50) -> 66.53 | I56: =$I$55/2 -> 165.95 | J56: =SUM(H56+I56) -> 232.48 | K56: =_xlfn.XLOOKUP(C56,'REGIONAIS-GEREX'!$C$3:$C$445,'REGIONAIS-GEREX'!$A$3:$A$445," ") -> Alto Uruguai Catarinense e Centro Oeste | M56: =Tabela2[[#This Row],[VALOR VSC PERCURSO]]+Tabela2[[#This Row],[VALOR ]] -> 232.48
A57: 59 | B57: SESI - JOAÇABA - 25% | C57: 213 | D57: 12161 | E57: 25318 | F57: 336180 | G57: Malote | H57: =SUM(H55/100*25) -> 33.265 | I57: =$I$55/4 -> 82.975 | J57: =SUM(H57+I57) -> 116.24 | K57: =_xlfn.XLOOKUP(C57,'REGIONAIS-GEREX'!$C$3:$C$445,'REGIONAIS-GEREX'!$A$3:$A$445," ") -> Alto Uruguai Catarinense e Centro Oeste | M57: =Tabela2[[#This Row],[VALOR VSC PERCURSO]]+Tabela2[[#This Row],[VALOR ]] -> 116.24
A58: 60 | B58: SESI - JOAÇABA - 25% | C58: 213 | D58: 12161 | E58: 25318 | F58: 336180 | G58: Malote | H58: =SUM(H55/100*25) -> 33.265 | I58: =$I$55/4 -> 82.975 | J58: =SUM(H58+I58) -> 116.24 | K58: =_xlfn.XLOOKUP(C58,'REGIONAIS-GEREX'!$C$3:$C$445,'REGIONAIS-GEREX'!$A$3:$A$445," ") -> Alto Uruguai Catarinense e Centro Oeste | M58: =Tabela2[[#This Row],[VALOR VSC PERCURSO]]+Tabela2[[#This Row],[VALOR ]] -> 116.24
A59: 61 | B59: SESI - Pinhalzinho | F59: 336200 | G59: Malote | H59: 128.51 | I59: 103.97 | K59: =_xlfn.XLOOKUP(C59,'REGIONAIS-GEREX'!$C$3:$C$445,'REGIONAIS-GEREX'!$A$3:$A$445," ") | M59: =Tabela2[[#This Row],[VALOR VSC PERCURSO]]+Tabela2[[#This Row],[VALOR ]] -> 232.48
A60: 62 | B60: SESI - Pinhalzinho | C60: 261 | D60: 8144 | E60: 25318 | F60: 336200 | G60: Malote | H60: =$H$59/2 -> 64.255 | I60: =$I$59/2 -> 51.985 | J60: =SUM(H60+I60) -> 116.24 | K60: =_xlfn.XLOOKUP(C60,'REGIONAIS-GEREX'!$C$3:$C$445,'REGIONAIS-GEREX'!$A$3:$A$445," ") -> Extremo Oeste e Oeste | M60: =Tabela2[[#This Row],[VALOR VSC PERCURSO]]+Tabela2[[#This Row],[VALOR ]] -> 116.24
A61: 63 | B61: SESI - Pinhalzinho | C61: 206 | D61: 8144 | E61: 25318 | F61: 336200 | G61: Malote | H61: =$H$59/2 -> 64.255 | I61: =$I$59/2 -> 51.985 | J61: =SUM(H61+I61) -> 116.24 | K61: =_xlfn.XLOOKUP(C61,'REGIONAIS-GEREX'!$C$3:$C$445,'REGIONAIS-GEREX'!$A$3:$A$445," ") -> Extremo Oeste e Oeste | M61: =Tabela2[[#This Row],[VALOR VSC PERCURSO]]+Tabela2[[#This Row],[VALOR ]] -> 116.24
A62: 64 | B62: SESI - Pinhalzinho | C62: 206 | D62: 8144 | E62: 25318 | F62: 71622292 | G62: Postagem | H62: 19.73 | I62: 0 | J62: =SUM(H62+I62) -> 19.73 | K62: =_xlfn.XLOOKUP(C62,'REGIONAIS-GEREX'!$C$3:$C$445,'REGIONAIS-GEREX'!$A$3:$A$445," ") -> Extremo Oeste e Oeste | M62: =Tabela2[[#This Row],[VALOR VSC PERCURSO]]+Tabela2[[#This Row],[VALOR ]] -> 19.73
A63: 65 | B63: SESI -UOS- SÃO BENTO DO SUL | C63: 221 | D63: 8144 | E63: 25318 | F63: 337896 | G63: Malote | H63: 361.96 | I63: 103 | J63: =SUM(H63+I63) -> 464.96 | K63: =_xlfn.XLOOKUP(C63,'REGIONAIS-GEREX'!$C$3:$C$445,'REGIONAIS-GEREX'!$A$3:$A$445," ") -> Planalto Norte e Vale do Itapocu | M63: =Tabela2[[#This Row],[VALOR VSC PERCURSO]]+Tabela2[[#This Row],[VALOR ]] -> 464.96
A64: 66 | B64: SESI FM 516 - Videira | F64: 336205 | G64: Malote | H64: 457.8 | I64: 704.6 | K64: =_xlfn.XLOOKUP(C64,'REGIONAIS-GEREX'!$C$3:$C$445,'REGIONAIS-GEREX'!$A$3:$A$445," ") | M64: =Tabela2[[#This Row],[VALOR VSC PERCURSO]]+Tabela2[[#This Row],[VALOR ]] -> 1162.4
A65: 67 | B65: FM 516 - Videira - 20% | C65: 515 | D65: 8243 | E65: 25318 | F65: 336205 | G65: Malote | H65: =$H$64*0.2 -> 91.56 | I65: =$I$64*0.2 -> 140.92 | J65: =SUM(H65+I65) -> 232.48 | K65: =_xlfn.XLOOKUP(C65,'REGIONAIS-GEREX'!$C$3:$C$445,'REGIONAIS-GEREX'!$A$3:$A$445," ") -> GEFAN - Centro Norte e Centro Oeste | M65: =Tabela2[[#This Row],[VALOR VSC PERCURSO]]+Tabela2[[#This Row],[VALOR ]] -> 232.48
A66: 68 | B66: FM 516 - Videira - 10% | C66: 914 | D66: 8243 | E66: 25318 | F66: 336205 | G66: Malote | H66: =$H$64*0.1 -> 45.78 | I66: =$I$64*0.1 -> 70.46 | J66: =SUM(H66+I66) -> 116.24 | K66: =_xlfn.XLOOKUP(C66,'REGIONAIS-GEREX'!$C$3:$C$445,'REGIONAIS-GEREX'!$A$3:$A$445," ") -> GEFAN - Centro Norte e Centro Oeste | M66: =Tabela2[[#This Row],[VALOR VSC PERCURSO]]+Tabela2[[#This Row],[VALOR ]] -> 116.24
A67: 69 | B67: FM 516 - Videira - 40% | C67: 516 | D67: 8243 | E67: 25318 | F67: 336205 | G67: Malote | H67: =$H$64*0.4 -> 183.12 | I67: =$I$64*0.4 -> 281.84 | J67: =SUM(H67+I67) -> 464.96 | K67: =_xlfn.XLOOKUP(C67,'REGIONAIS-GEREX'!$C$3:$C$445,'REGIONAIS-GEREX'!$A$3:$A$445," ") -> GEFAN - Centro Norte e Centro Oeste | M67: =Tabela2[[#This Row],[VALOR VSC PERCURSO]]+Tabela2[[#This Row],[VALOR ]] -> 464.96
A68: 70 | B68: FM 516 - Videira - 30% | C68: 522 | D68: 8243 | E68: 25318 | F68: 336205 | G68: Malote | H68: =$H$64*0.3 -> 137.34 | I68: =$I$64*0.3 -> 211.38 | J68: =SUM(H68+I68) -> 348.72 | K68: =_xlfn.XLOOKUP(C68,'REGIONAIS-GEREX'!$C$3:$C$445,'REGIONAIS-GEREX'!$A$3:$A$445," ") -> GEFAN - Centro Norte e Centro Oeste | M68: =Tabela2[[#This Row],[VALOR VSC PERCURSO]]+Tabela2[[#This Row],[VALOR ]] -> 348.72
A69: 71 | B69: SESI - UOS - CAÇADOR | C69: 204 | D69: 8144 | E69: 25318 | F69: 10311030 | G69: Malote | H69: 173.42 | I69: 291.54 | J69: =SUM(H69+I69) -> 464.96 | K69: =_xlfn.XLOOKUP(C69,'REGIONAIS-GEREX'!$C$3:$C$445,'REGIONAIS-GEREX'!$A$3:$A$445," ") -> Centro Norte | M69: =Tabela2[[#This Row],[VALOR VSC PERCURSO]]+Tabela2[[#This Row],[VALOR ]] -> 464.96
A70: 72 | B70: FM 927 - NAVEGANTES | C70: 927 | D70: 8243 | E70: 25318 | F70: 10439661 | G70: Malote | H70: 128.98 | I70: 335.98 | J70: =SUM(H70+I70) -> 464.96 | K70: =_xlfn.XLOOKUP(C70,'REGIONAIS-GEREX'!$C$3:$C$445,'REGIONAIS-GEREX'!$A$3:$A$445," ") -> GEFAN - Vale e Foz do Rio Itajaí | M70: =Tabela2[[#This Row],[VALOR VSC PERCURSO]]+Tabela2[[#This Row],[VALOR ]] -> 464.96
A71: 78 | B71: SESI - S.A .Coz. Ind. BRF Campo Verde | C71: 805 | D71: 8264 | E71: 25318 | F71: 67982590 | G71: Postagem | H71: 303.7 | I71: 0 | J71: =SUM(H71+I71) -> 303.7 | K71: =_xlfn.XLOOKUP(C71,'REGIONAIS-GEREX'!$C$3:$C$445,'REGIONAIS-GEREX'!$A$3:$A$445," ") -> GEFAN - SAFE | M71: =Tabela2[[#This Row],[VALOR VSC PERCURSO]]+Tabela2[[#This Row],[VALOR ]] -> 303.7
A72: 80 | B72: SESI GFP 209 CENTRO DE ATIVIDADES DE SÃO JOSÉ | C72: 209 | D72: 8144 | E72: 25318 | F72: 67982913 | G72: Postagem | H72: 37.92 | I72: 0 | J72: =SUM(H72+I72) -> 37.92 | K72: =_xlfn.XLOOKUP(C72,'REGIONAIS-GEREX'!$C$3:$C$445,'REGIONAIS-GEREX'!$A$3:$A$445," ") -> Sudeste | M72: =Tabela2[[#This Row],[VALOR VSC PERCURSO]]+Tabela2[[#This Row],[VALOR ]] -> 37.92
A73: 81 | B73: SESI - SESI BLU 202 CENTRO ESP EDUC DE BLUMENAU | C73: 202 | D73: 8144 | E73: 25318 | F73: 67982867 | G73: Postagem | H73: 38.02 | I73: 0 | J73: =SUM(H73+I73) -> 38.02 | K73: =_xlfn.XLOOKUP(C73,'REGIONAIS-GEREX'!$C$3:$C$445,'REGIONAIS-GEREX'!$A$3:$A$445," ") -> Vale do Itajaí | M73: =Tabela2[[#This Row],[VALOR VSC PERCURSO]]+Tabela2[[#This Row],[VALOR ]] -> 38.02
A74: 84 | B74: SESI MEO 204 CENTRO DE ATIVIDADES DE CAÇADOR | C74: 204 | D74: 8144 | E74: 25318 | F74: 67982883 | G74: Postagem | H74: 19.03 | I74: 0 | J74: =SUM(H74+I74) -> 19.03 | K74: =_xlfn.XLOOKUP(C74,'REGIONAIS-GEREX'!$C$3:$C$445,'REGIONAIS-GEREX'!$A$3:$A$445," ") -> Centro Norte | M74: =Tabela2[[#This Row],[VALOR VSC PERCURSO]]+Tabela2[[#This Row],[VALOR ]] -> 19.03
A75: 85 | B75: SESI MEO 213 CENTRO DE ATIVIDADES DE JOAÇABA | C75: 213 | D75: 8144 | E75: 25318 | F75: 67982948 | G75: Postagem | H75: 33.2 | I75: 0 | J75: =SUM(H75+I75) -> 33.2 | K75: =_xlfn.XLOOKUP(C75,'REGIONAIS-GEREX'!$C$3:$C$445,'REGIONAIS-GEREX'!$A$3:$A$445," ") -> Alto Uruguai Catarinense e Centro Oeste | M75: =Tabela2[[#This Row],[VALOR VSC PERCURSO]]+Tabela2[[#This Row],[VALOR ]] -> 33.2
A76: 86 | B76: SESI JOI 214 CENTRO DE ATIVIDADES DE JOINVILLE | C76: 214 | D76: 8144 | E76: 25318 | F76: 67982956 | G76: Postagem | H76: 6046.76 | I76: 0 | J76: =SUM(H76+I76) -> 6046.76 | K76: =_xlfn.XLOOKUP(C76,'REGIONAIS-GEREX'!$C$3:$C$445,'REGIONAIS-GEREX'!$A$3:$A$445," ") -> Norte Nordeste | M76: =Tabela2[[#This Row],[VALOR VSC PERCURSO]]+Tabela2[[#This Row],[VALOR ]] -> 6046.76
A77: 87 | B77: SESI 215 CENTRO DE ATIVIDADES DE LAGES | C77: 215 | D77: 8144 | E77: 25318 | F77: 67982964 | G77: Postagem | H77: 18.62 | I77: 0 | J77: =SUM(H77+I77) -> 18.62 | K77: =_xlfn.XLOOKUP(C77,'REGIONAIS-GEREX'!$C$3:$C$445,'REGIONAIS-GEREX'!$A$3:$A$445," ") -> Serra Catarinense | M77: =Tabela2[[#This Row],[VALOR VSC PERCURSO]]+Tabela2[[#This Row],[VALOR ]] -> 18.62
A78: 89 | B78: SESI PLN 221 CENTRO DE ATIVIDADES SÃO BENTO | C78: 221 | D78: 8144 | E78: 25318 | F78: 67982999 | G78: Postagem | H78: 190.19 | I78: 0 | J78: 159.93 | K78: =_xlfn.XLOOKUP(C78,'REGIONAIS-GEREX'!$C$3:$C$445,'REGIONAIS-GEREX'!$A$3:$A$445," ") -> Planalto Norte e Vale do Itapocu | L78: 30.26 | M78: =Tabela2[[#This Row],[VALOR VSC PERCURSO]]+Tabela2[[#This Row],[VALOR ]] -> 190.19
A79: 92 | B79: SESI MEO 223 CENTRO DE ATIVIDADES | C79: 223 | D79: 8144 | E79: 25318 | F79: 67983014 | G79: Postagem | H79: 134.99 | I79: 0 | J79: =SUM(H79+I79) -> 134.99 | K79: =_xlfn.XLOOKUP(C79,'REGIONAIS-GEREX'!$C$3:$C$445,'REGIONAIS-GEREX'!$A$3:$A$445," ") -> Centro Norte | M79: =Tabela2[[#This Row],[VALOR VSC PERCURSO]]+Tabela2[[#This Row],[VALOR ]] -> 134.99
A80: 94 | B80: SESI PLN 205 CENTRO DE ATIVIDADES DE CANOINHAS | C80: 205 | D80: 8144 | E80: 25318 | F80: 67983030 | G80: Postagem | H80: 82.42 | I80: 0 | J80: =SUM(H80+I80) -> 82.42 | K80: =_xlfn.XLOOKUP(C80,'REGIONAIS-GEREX'!$C$3:$C$445,'REGIONAIS-GEREX'!$A$3:$A$445," ") -> Centro Norte | M80: =Tabela2[[#This Row],[VALOR VSC PERCURSO]]+Tabela2[[#This Row],[VALOR ]] -> 82.42
A81: 96 | B81: SESI OES 207 CENTRO DE ATIVIDADES DE CONCORDIA | C81: 207 | D81: 8144 | E81: 25318 | F81: 67983049 | G81: Postagem | H81: 41.21 | I81: 0 | J81: =SUM(H81+I81) -> 41.21 | K81: =_xlfn.XLOOKUP(C81,'REGIONAIS-GEREX'!$C$3:$C$445,'REGIONAIS-GEREX'!$A$3:$A$445," ") -> Alto Uruguai Catarinense e Centro Oeste | M81: =Tabela2[[#This Row],[VALOR VSC PERCURSO]]+Tabela2[[#This Row],[VALOR ]] -> 41.21
A82: 97 | B82: SESI OES 229 CENTRO DE ATIVIDADES SÃO MIGUEL | C82: 229 | D82: 8144 | E82: 25318 | F82: 67983065 | G82: Postagem | H82: 40.51 | I82: 0 | J82: =SUM(H82+I82) -> 40.51 | K82: =_xlfn.XLOOKUP(C82,'REGIONAIS-GEREX'!$C$3:$C$445,'REGIONAIS-GEREX'!$A$3:$A$445," ") -> Extremo Oeste e Oeste | M82: =Tabela2[[#This Row],[VALOR VSC PERCURSO]]+Tabela2[[#This Row],[VALOR ]] -> 40.51
A83: 102 | B83: SESI 865 COZ IND SADIA DOIS VIZINHOS | C83: 865 | D83: 8264 | E83: 25318 | F83: 67983570 | G83: Postagem | H83: 25.63 | I83: 0 | J83: =SUM(H83+I83) -> 25.63 | K83: =_xlfn.XLOOKUP(C83,'REGIONAIS-GEREX'!$C$3:$C$445,'REGIONAIS-GEREX'!$A$3:$A$445," ") -> GEFAN - SAFE | M83: =Tabela2[[#This Row],[VALOR VSC PERCURSO]]+Tabela2[[#This Row],[VALOR ]] -> 25.63
A84: 103 | B84: SESI RDS 219 CENTRO DE ATIVIDADE DE RIO DO SUL | C84: 219 | D84: 8144 | E84: 25318 | F84: 67983596 | G84: Postagem | H84: 141.05 | I84: 0 | J84: =SUM(H84+I84) -> 141.05 | K84: =_xlfn.XLOOKUP(C84,'REGIONAIS-GEREX'!$C$3:$C$445,'REGIONAIS-GEREX'!$A$3:$A$445," ") -> Alto Vale do Itajaí | M84: =Tabela2[[#This Row],[VALOR VSC PERCURSO]]+Tabela2[[#This Row],[VALOR ]] -> 141.05
A85: 104 | B85: SESI TUBARÃO SAÚDE | C85: 222 | D85: 8144 | E85: 25318 | F85: 67983685 | G85: Postagem | H85: 39.89 | I85: 0 | J85: =SUM(H85+I85) -> 39.89 | K85: =_xlfn.XLOOKUP(C85,'REGIONAIS-GEREX'!$C$3:$C$445,'REGIONAIS-GEREX'!$A$3:$A$445," ") -> Litoral Sul e Sul | M85: =Tabela2[[#This Row],[VALOR VSC PERCURSO]]+Tabela2[[#This Row],[VALOR ]] -> 39.89
A86: 105 | B86: SESI UOS JARAGUA DO SUL | C86: 212 | D86: 8144 | E86: 25318 | F86: 67983693 | G86: Postagem | H86: 24.88 | I86: 0 | J86: =SUM(H86+I86) -> 24.88 | K86: =_xlfn.XLOOKUP(C86,'REGIONAIS-GEREX'!$C$3:$C$445,'REGIONAIS-GEREX'!$A$3:$A$445," ") -> Planalto Norte e Vale do Itapocu | M86: =Tabela2[[#This Row],[VALOR VSC PERCURSO]]+Tabela2[[#This Row],[VALOR ]] -> 24.88
A87: 108 | B87: SESI GCS 861 COZ IND SADIA UBERLANDIA RAÇÃO | C87: 861 | D87: 8264 | E87: 25318 | F87: 67983782 | G87: Postagem | H87: 42.38 | I87: 0 | J87: =SUM(H87+I87) -> 42.38 | K87: =_xlfn.XLOOKUP(C87,'REGIONAIS-GEREX'!$C$3:$C$445,'REGIONAIS-GEREX'!$A$3:$A$445," ") -> GEFAN - SAFE | M87: =Tabela2[[#This Row],[VALOR VSC PERCURSO]]+Tabela2[[#This Row],[VALOR ]] -> 42.38
A88: 110 | B88: SESI - S.A 804 COZ IND BRF Uberlândia Abatedouro | C88: 804 | D88: 8264 | E88: 25318 | F88: 67983812 | G88: Postagem | H88: 81.24 | I88: 0 | J88: =SUM(H88+I88) -> 81.24 | K88: =_xlfn.XLOOKUP(C88,'REGIONAIS-GEREX'!$C$3:$C$445,'REGIONAIS-GEREX'!$A$3:$A$445," ") -> GEFAN - SAFE | M88: =Tabela2[[#This Row],[VALOR VSC PERCURSO]]+Tabela2[[#This Row],[VALOR ]] -> 81.24
A89: 112 | B89: SESI CRICIUMA SAUDE | C89: 208 | D89: 8144 | E89: 25318 | F89: 67983251 | G89: Postagem | H89: 21.48 | I89: 0 | J89: =SUM(H89+I89) -> 21.48 | K89: =_xlfn.XLOOKUP(C89,'REGIONAIS-GEREX'!$C$3:$C$445,'REGIONAIS-GEREX'!$A$3:$A$445," ") -> Litoral Sul e Sul | M89: =Tabela2[[#This Row],[VALOR VSC PERCURSO]]+Tabela2[[#This Row],[VALOR ]] -> 21.48
A90: 113 | B90: SESI 432 JARAGUA DO SUL | C90: 432 | D90: 8264 | E90: 25318 | F90: 76703355 | G90: Postagem | H90: 42.78 | I90: 0 | J90: =SUM(H90+I90) -> 42.78 | K90: =_xlfn.XLOOKUP(C90,'REGIONAIS-GEREX'!$C$3:$C$445,'REGIONAIS-GEREX'!$A$3:$A$445," ") -> GEFAN - Norte - Nordeste / Plan. e Vale | M90: =Tabela2[[#This Row],[VALOR VSC PERCURSO]]+Tabela2[[#This Row],[VALOR ]] -> 42.78
A91: 118 | B91: SESI CRICIUMA CONVENIO FARMACIAS - FM 506-513-530-542-569-576-577-582-588 | F91: 67983260 | G91: Postagem | H91: 0 | I91: 0 | K91: =_xlfn.XLOOKUP(C91,'REGIONAIS-GEREX'!$C$3:$C$445,'REGIONAIS-GEREX'!$A$3:$A$445," ") | M91: =Tabela2[[#This Row],[VALOR VSC PERCURSO]]+Tabela2[[#This Row],[VALOR ]] -> 0
A92: 140 | B92: SESI -RIO DO SUL | C92: 219 | D92: 8144 | E92: 25318 | F92: 336267 | G92: Malote | H92: 219.79 | I92: 12.69 | J92: =SUM(H92+I92) -> 232.48 | K92: =_xlfn.XLOOKUP(C92,'REGIONAIS-GEREX'!$C$3:$C$445,'REGIONAIS-GEREX'!$A$3:$A$445," ") -> Alto Vale do Itajaí | M92: =Tabela2[[#This Row],[VALOR VSC PERCURSO]]+Tabela2[[#This Row],[VALOR ]] -> 232.48
A93: 142 | B93: SESI - XANXERE | C93: 233 | D93: 8144 | E93: 25318 | F93: 69581517 | G93: Postagem | H93: 21.48 | I93: 0 | J93: =SUM(H93+I93) -> 21.48 | K93: =_xlfn.XLOOKUP(C93,'REGIONAIS-GEREX'!$C$3:$C$445,'REGIONAIS-GEREX'!$A$3:$A$445," ") -> Extremo Oeste e Oeste | M93: =Tabela2[[#This Row],[VALOR VSC PERCURSO]]+Tabela2[[#This Row],[VALOR ]] -> 21.48
A94: 144 | B94: SESI - SÃO BENTO DO SUL | C94: 221 | D94: 8144 | E94: 25318 | F94: 10356487 | G94: Malote | H94: 415.05 | I94: 49.91 | J94: =SUM(H94+I94) -> 464.96 | K94: =_xlfn.XLOOKUP(C94,'REGIONAIS-GEREX'!$C$3:$C$445,'REGIONAIS-GEREX'!$A$3:$A$445," ") -> Planalto Norte e Vale do Itapocu | M94: =Tabela2[[#This Row],[VALOR VSC PERCURSO]]+Tabela2[[#This Row],[VALOR ]] -> 464.96
A95: 156 | B95: SESI - CHAPECO x XANXERÊ | F95: 10368178 | G95: Malote | H95: 212.08 | I95: 20.4 | K95: =_xlfn.XLOOKUP(C95,'REGIONAIS-GEREX'!$C$3:$C$445,'REGIONAIS-GEREX'!$A$3:$A$445," ") | M95: =Tabela2[[#This Row],[VALOR VSC PERCURSO]]+Tabela2[[#This Row],[VALOR ]] -> 232.48
A96: 157 | B96: SESI - CHAPECO x XANXERÊ - UOS 206 - 30% | C96: 206 | D96: 8144 | E96: 25318 | F96: 10368178 | G96: Malote | H96: =$H$95*0.4 -> 84.832 | I96: =$I$95*0.4 -> 8.16 | J96: =SUM(H96+I96) -> 92.992 | K96: =_xlfn.XLOOKUP(C96,'REGIONAIS-GEREX'!$C$3:$C$445,'REGIONAIS-GEREX'!$A$3:$A$445," ") -> Extremo Oeste e Oeste | M96: =Tabela2[[#This Row],[VALOR VSC PERCURSO]]+Tabela2[[#This Row],[VALOR ]] -> 92.992
A97: 158 | B97: SESI - CHAPECO x XANXERÊ - UOS 233 - 30% | C97: 233 | D97: 8144 | E97: 25318 | F97: 10368178 | G97: Malote | H97: =$H$95*0.4 -> 84.832 | I97: =$I$95*0.4 -> 8.16 | J97: =SUM(H97+I97) -> 92.992 | K97: =_xlfn.XLOOKUP(C97,'REGIONAIS-GEREX'!$C$3:$C$445,'REGIONAIS-GEREX'!$A$3:$A$445," ") -> Extremo Oeste e Oeste | M97: =Tabela2[[#This Row],[VALOR VSC PERCURSO]]+Tabela2[[#This Row],[VALOR ]] -> 92.992
A98: 159 | B98: SESI - CHAPECO x XANXERÊ - FM 570 - 20% | C98: 570 | D98: 8243 | E98: 25318 | F98: 10368178 | G98: Malote | H98: =$H$95*0.2 -> 42.416 | I98: =$I$95*0.2 -> 4.08 | J98: =SUM(H98+I98) -> 46.496 | K98: =_xlfn.XLOOKUP(C98,'REGIONAIS-GEREX'!$C$3:$C$445,'REGIONAIS-GEREX'!$A$3:$A$445," ") -> GEFAN - Oeste | M98: =Tabela2[[#This Row],[VALOR VSC PERCURSO]]+Tabela2[[#This Row],[VALOR ]] -> 46.496
A99: 160 | B99: SESI - CHAPECÓ x SÃO MIGUEL DO OESTE | F99: 10368179 | G99: Malote | H99: 149.39 | I99: 83.09 | K99: =_xlfn.XLOOKUP(C99,'REGIONAIS-GEREX'!$C$3:$C$445,'REGIONAIS-GEREX'!$A$3:$A$445," ") | M99: =Tabela2[[#This Row],[VALOR VSC PERCURSO]]+Tabela2[[#This Row],[VALOR ]] -> 232.48
A100: 161 | B100: SESI - CHAPECÓ x SÃO MIGUEL DO OESTE - UOS 206 - 40% | C100: 206 | D100: 8144 | E100: 25318 | F100: 10368179 | G100: Malote | H100: =H99*0.4 -> 59.756 | I100: =$I$99*0.4 -> 33.236 | J100: =SUM(H100+I100) -> 92.992 | K100: =_xlfn.XLOOKUP(C100,'REGIONAIS-GEREX'!$C$3:$C$445,'REGIONAIS-GEREX'!$A$3:$A$445," ") -> Extremo Oeste e Oeste | M100: =Tabela2[[#This Row],[VALOR VSC PERCURSO]]+Tabela2[[#This Row],[VALOR ]] -> 92.992
...

Sheet rateio
A1: MALOTE/POSTAGEM | B1: FILIAL | C1: CR | D1: PROJETO | E1: TOTAL
A2: SESI | B2: 100 | C2: 7980 | D2: 25318 | E2: 77.27
A3: SESI | B3: 100 | C3: 7980 | D3: 25318 | E3: 333.38
A4: SESI | B4: 100 | C4: 8056 | D4: 25318 | E4: 1767.96
A5: SESI | B5: 203 | C5: 8144 | D5: 25318 | E5: 348.72
A6: SESI | B6: 211 | C6: 8144 | D6: 25318 | E6: 348.72
A7: SESI | B7: 215 | C7: 8144 | D7: 25318 | E7: 464.96
A8: SESI | B8: 208 | C8: 8144 | D8: 25318 | E8: 290.6
A9: SESI | B9: 212 | C9: 8144 | D9: 25318 | E9: 1162.4
A10: SESI | B10: 223 | C10: 8144 | D10: 25318 | E10: 464.96
A11: SESI | B11: 207 | C11: 8144 | D11: 25318 | E11: 146.65915
A12: SESI | B12: 214 | C12: 8144 | D12: 25318 | E12: 150.16
A13: SESI | B13: 222 | C13: 8144 | D13: 25318 | E13: 232.48
... A172: SESI | B172: 100 | C172: 13310 | D172: 25318 | E172: 30.28
E173: =SUM(E2:E172) -> 41036.143
A175: MALOTE/POSTAGEM | B175: FILIAL | C175: CR | D175: PROJETO | E175: TOTAL
A176: SENAI | B176: 0 | C176: 7530 | D176: 25386 | E176: 1010.82
A177: SENAI | B177: 73 | C177: 7638 | D177: 25386 | E177: 1690.15
A178: SENAI | B178: 73 | C178: 7638 | D178: 25386 | E178: 78.39
A179: SENAI | B179: 54 | C179: 7648 | D179: 25386 | E179: 129.88
A180: SENAI | B180: 0 | C180: 7980 | D180: 25386 | E180: 83.05
A181: SENAI | B181: 0 | C181: 8047 | D181: 25386 | E181: 53.15
A182: SENAI | B182: 0 | C182: 8056 | D182: 25386 | E182: 3253.38
A183: SENAI | B183: 94 | C183: 8088 | D183: 25386 | E183: 828.55
A184: SENAI | B184: 94 | C184: 8088 | D184: 25386 | E184: 223.17
A185: SENAI | B185: 94 | C185: 8088 | D185: 25386 | E185: 118.16
A186: SENAI | B186: 15 | C186: 8144 | D186: 25386 | E186: 232.48
A187: SENAI | B187: 22 | C187: 8144 | D187: 25386 | E187: 232.48
... A211: SENAI | B211: 92 | C211: 13316 | D211: 25386 | E211: 1824.31
E212: =SUM(E176:E211) -> 18469.273
A214: MALOTE/POSTAGEM | B214: FILIAL | C214: CR | D214: PROJETO | E214: TOTAL
A215: IEL | B215: 1 | C215: 8056 | D215: 25393 | E215: 29.48
A216: IEL | B216: 6 | C216: 8144 | D216: 25393 | E216: 18.62
A217: IEL | B217: 1 | C217: 12421 | D217: 25393 | E217: 269.73333
E218: =SUM(E215:E217) -> 317.83333
A220: MALOTE/POSTAGEM | B220: FILIAL | C220: CR | D220: PROJETO | E220: TOTAL
A221: FIESC | B221: FIESC | C221: 7980 | D221: 25337 | E221: 34.71
A222: FIESC | B222: FIESC | C222: 8006 | D222: 25337 | E222: 121.04
A223: FIESC | B223: FIESC | C223: 8047 | D223: 25337 | E223: 746.25
A224: FIESC | B224: FIESC | C224: 8056 | D224: 25337 | E224: 10.72
A225: FIESC | B225: FIESC | C225: 8056 | D225: 25337 | E225: 29.48
A226: FIESC | B226: FIESC | C226: 8058 | D226: 25337 | E226: 21.19
A227: FIESC | B227: FIESC | C227: 8120 | D227: 25337 | E227: 30.28
A228: FIESC | B228: FIESC | C228: 10719 | D228: 25337 | E228: 401.05
A229: FIESC | B229: FIESC | C229: 12047 | D229: 25337 | E229: 38.92
A230: FIESC | B230: FIESC | C230: 12793 | D230: 25337 | E230: 335.13
E231: =SUM(E221:E230) -> 1768.77
E233: =SUM(E173+E212+E218+E231) -> 61592.02

Sheet REGIONAIS-GEREX
A2: REGIONAL | B2: FILIAL | C2: CODIGO
A3: Planalto Norte e Vale do Itapocu | B3: 217 - SESI/SC - Mafra | C3: 217
A4: Alto Vale do Itajaí | B4: 219 - SESI/SC - Rio do Sul | C4: 219
A5: Planalto Norte e Vale do Itapocu | B5: 221 - SESI/SC - São Bento do Sul | C5: 221
A6: Sudeste | B6: 209 - SESI/SC - São José | C6: 209
A7: Litoral Sul e Sul | B7: 222 - SESI/SC - Tubarão | C7: 222
A8: Centro Norte | B8: 223 - SESI/SC - Videira | C8: 223
A9: Planalto Norte e Vale do Itapocu | B9: 228 - SESI/SC - São Bento do Sul II | C9: 228
A10: GEFAN - Alto Vale e Serra | B10: 534 - farmaSesi Ibirama | C10: 534
A11: GEFAN - Oeste | B11: 532 - farmaSesi São Miguel do Oeste | C11: 532
A12: GEFAN - Norte - Nordeste / Plan. e Vale | B12: 531 - farmaSesi Canoinhas | C12: 531
A13: GEFAN - Alto Vale e Serra | B13: 530 - farmaSesi Curitibanos | C13: 530
A14: GEFAN - Alto Vale e Serra | B14: 529 - farmaSesi Rio do Sul | C14: 529
... A86: GEFAN - Norte - Nordeste / Plan. e Vale | B86: 512 - farmaSesi São Bento do Sul | C86: 512
A87: SEDE | B87: CIESC | C87: 1.2
A88: SEDE | B88: IEL/SC - Departamento Regional | C88: 1.1.
A89: SEDE | B89: FIESC | C89: 1
A90: Sudeste | B90: SENAI/SC - São José | C90: 2
A91: Litoral Sul e Sul | B91: SENAI/SC - Criciúma | C91: 24
A92: Sudeste | B92: SENAI/SC - Florianópolis | C92: 0
A93: Serra Catarinense | B93: SENAI/SC - Lages | C93: 23
A94: Extremo Oeste e Oeste | B94: SENAI/SC - São Miguel do Oeste | C94: 17
A95: Centro Norte | B95: SENAI/SC - Canoinhas | C95: 20
A96: Planalto Norte e Vale do Itapocu | B96: SENAI/SC - Jaraguá do Sul | C96: 11
A97: Vale do Itajaí Mirim e Foz do Rio Itajaí | B97: SENAI/SC - Itajaí | C97: 7
A98: Extremo Oeste e Oeste | B98: SENAI/SC - Chapecó | C98: 15
A99: Vale do Itajaí Mirim e Foz do Rio Itajaí | B99: SENAI/SC - Brusque | C99: 6
A100: Norte Nordeste | B100: SENAI/SC - Joinville Norte I | C100: 9
... A420: SEDE | B420: SENAI/SC - Direção Regional | C420: 0
A421: SEDE | B421: SESI GEPES | C421: 100.3
A422: SEDE | B422: SESI FAN / ALIMENTAÇÃO | C422: 100.1
A423: SEDE | B423: SESI FAN / FARMACIA | C423: 100.2
A424: SEDE | B424: SESI / SENAI / IEL - COMAR (SESI) | C424: 100.4
A425: SEDE | B425: SESI GECON | C425: 100.5
A426: SEDE | B426: SESI GECON ARE | C426: 100.6
A427: SEDE | B427: SESI GENGE | C427: 100.7
A428: SEDE | B428: SENAI-GEDUP | C428: 0.1
A429: SEDE | B429: SENAI GEPES | C429: 0.2
A430: SEDE | B430: SENAI GECON | C430: 0.3
A431: SEDE | B431: SENAI - GECON ARE | C431: 0.4
A432: SEDE | B432: SESI / SENAI / IEL - COMAR (SENAI) | C432: 0.5
... A445: SEDE | B445: FIESC GEFIE | C445: 2.8

Sheet EXT. SINTÉTICO
B3: Cartão de Postagem | C3: Valor Líquido(R$)
B4: 336081 | C4: 252.44
B5: 336084 | C5: 132.12
B6: 336091 | C6: 335.56
B7: 336105 | C7: 224.33
B8: 336109 | C8: 307.44
B9: 336116 | C9: 104
B10: 336119 | C10: 348.28
B11: 336120 | C11: 74.94
B12: 336125 | C12: 431.4
B13: 336148 | C13: 74.94
B14: 336152 | C14: 613.45
B15: 336155 | C15: 207.55
... B132: 79859151 | C132: 342.9
C134: 47632.53

Sheet DÉBITO VSC
C3: LANCAMENTOS DE DEBITOS
C4: Descricao | D4: Valor do debito
C5: 336081 | D5: 445
C6: 336084 | D6: 332.84
C7: 336091 | D7: 129.4
C8: 336105 | D8: 473.11
C9: 336109 | D9: 390
C10: 336116 | D10: 128.48
C11: 336119 | D11: 116.68
C12: 336120 | D12: 157.54
C13: 336125 | D13: 33.56
C14: 336148 | D14: 225.38
C15: 336152 | D15: 888.15
C16: 336155 | D16: 257.41
... C60: 10458514 | D60: 7.66
D62: 13999.47

Sheet CRÉDITO
B3: LANCAMENTOS DE CREDITOS
B4: Descricao do credito | C4: Valor do credito
B5: 0067982999 Rest Div Peso-AD121146397BR | C5: 30.26
B6: 0067985807 Rest Div Peso-DA546122667BR | C6: 9.72
B7: TOTAL | C7: =SUM(C5:C6) -> 39.98

Sheet SEDEX REVERSO 
C3: 46052 | D3: 8008 | E3: 8264 | F3: 25318 | G3: 3375889 | H3: ATENISIA OLIVEIRA DA SILVA MELO | I3: 4318628025 | J3: DA546702437BR | K3: 40.72
C4: 46052 | D4: 8019 | E4: 8264 | F4: 25318 | G4: 3376742 | H4: CRISTIANE APARECIDA DOS SANTOS | I4: 4319137270 | J4: DA546763515BR | K4: 43.56
C5: 46055 | D5: 4027 | E5: 8264 | F5: 25318 | G5: 3377830 | H5: MARIA ELIZABEL DUARDO COSTA | I5: 4320354527 | J5: DA546897910BR | K5: 55.09
C6: 46055 | D6: 215 | E6: 12161 | F6: 25318 | G6: 3377924 | H6: CRISTIANE APARECIDA DOS SANTOS | I6: 4320378557 | J6: DA546902265BR | K6: 191.11
C7: 46056 | D7: 471 | E7: 8264 | F7: 25318 | G7: 3378234 | H7: JESIANE DE SOUZA | I7: 4320694814 | J7: DA546925519BR | K7: 70.67
C8: 46056 | D8: 471 | E8: 8264 | F8: 25318 | G8: 3378234 | H8: JESIANE DE SOUZA | I8: 4320696667 | J8: DA546925598BR | K8: 106.28
C9: 46056 | D9: 214 | E9: 12161 | F9: 25318 | G9: 3379019 | H9: MARCOS FELIPE SIQUEIRA | I9: 4321979091 | J9: DA547174793BR | K9: 219.92
C10: 46056 | D10: 214 | E10: 12161 | F10: 25318 | G10: 3379036 | H10: MARCOS FELIPE SIQUEIRA | I10: 4322170285 | J10: DA547180944BR | K10: 381.26
C11: 46059 | D11: 8008 | E11: 8264 | F11: 25318 | G11: 3381127 | H11: ATENISIA OLIVEIRA DA SILVA MELO | I11: 4324830488 | J11: DA547684859BR | K11: 93.26
C12: 46062 | D12: 92 | E12: 13316 | F12: 25386 | G12: 3382731 | H12: CARLOS EDUARDO COLOMBO | I12: 4326258035 | J12: AD090413983BR | K12: 77.2
C13: 46062 | D13: 4081 | E13: 8264 | F13: 25318 | G13: 3382706 | H13: CARINA GUBITOSO | I13: 4326266273 | J13: DA547995119BR | K13: 56.71
C14: 46062 | D14: 94 | E14: 8088 | F14: 25386 | G14: 3382936 | H14: TARLLONE SIRQUEIRA FELISARDO | I14: 4326497584 | J14: AD091584627BR | K14: 118.16
... C43: 46079 | D43: 4007 | E43: 8264 | F43: 25318 | G43: 3395846 | H43: ALANA KUNZ KOZIKOWSK | I43: 4341891715 | J43: DA560923828BR | K43: 86.34
K44: =SUM(K3:K43) -> 7077.21
C47: Coluna1 | D47: Coluna2 | E47: Coluna3 | F47: Coluna4 | G47: Coluna5 | H47: Coluna6 | I47: Coluna7 | J47: Coluna8
C48: 46042 | D48: 94 | E48: 8088 | F48: 25386 | G48: 3368852 | H48: TARLLONE SIRQUEIRA FELISARDO | I48: 4298603995 | J48: AB939906682BR
C49: 46042 | D49: 94 | E49: 8088 | F49: 25386 | G49: 3369127 | H49: TARLLONE SIRQUEIRA FELISARDO | I49: 4299129987 | J49: AB940929442BR
C50: 46044 | D50: 248 | E50: 12161 | F50: 25318 | G50: 3370593 | H50: ANDRESSA ALINE GARBOSSA | I50: 4300757267 | J50: DA545975536BR
C51: 46044 | D51: 4028 | E51: 8264 | F51: 25318 | G51: 3370650 | H51: ALANA KUNZ KOZIKOWSK | I51: 4300762912 | J51: DA545975902BR
C52: 46044 | D52: 8008 | E52: 8264 | F52: 25318 | G52: 3370802 | H52: ATENISIA OLIVEIRA DA SILVA MELO | I52: 4300834401 | J52: DA545979674BR
C53: 46044 | D53: 94 | E53: 8088 | F53: 25386 | G53: 3371145 | H53: TARLLONE SIRQUEIRA FELISARDO | I53: 4301076138 | J53: DA546016270BR
C54: 46044 | D54: 840 | E54: 8264 | F54: 25318 | G54: 3371235 | H54: LUCAS FERREIRA ALVES | I54: 4301123354 | J54: DA546019761BR
C55: 46045 | D55: 215 | E55: 12161 | F55: 25318 | G55: 3371806 | H55: CRISTIANE APARECIDA DOS SANTOS | I55: 4301782144 | J55: DA546122667BR
C56: 46049 | D56: 474 | E56: 8264 | F56: 25318 | G56: 3373844 | H56: DEBORA AUGUSTIN | I56: 4314544221 | J56: DA546379172BR
C57: 46052 | D57: 8008 | E57: 8264 | F57: 25318 | G57: 3375889 | H57: ATENISIA OLIVEIRA DA SILVA MELO | I57: 4318628025 | J57: DA546702437BR
C58: 46052 | D58: 8019 | E58: 8264 | F58: 25318 | G58: 3376742 | H58: CRISTIANE APARECIDA DOS SANTOS | I58: 4319137270 | J58: DA546763515BR
C59: 46055 | D59: 4027 | E59: 8264 | F59: 25318 | G59: 3377830 | H59: MARIA ELIZABEL DUARDO COSTA | I59: 4320354527 | J59: DA546897910BR
... C108: 46080 | D108: 474 | E108: 8264 | F108: 25318 | G108: 3396321 | H108: DEBORA AUGUSTIN | I108: 4342321491 | J108: DA560977548BR
